Workbook

Sheet Postgres Stress Test Scenarios
A1: POSTGRESQL TO DATABRICKS MIGRATION - STRESS TEST TIMINGS
A3: PostgreSQL baseline stress test benchmark (100 to 1,600 rows) | Scope: 11 Tables & 5 Views
A5: Test Scenario | B5: Objects Scope | C5: Total Rows | D5: Execution Time (Mins) | E5: Status & Remarks
A6: Scenario 1 (Smoke Test) | B6: 11 Tables + 5 Views | C6: 100 | D6: 4.5 | E6: 🟢 PASSED (Fast schema & discovery validation)
A7: Scenario 2 (Light Load) | B7: 11 Tables + 5 Views | C7: 500 | D7: 18.2 | E7: 🟢 PASSED (Smooth batch streaming & DDL execution)
A8: Scenario 3 (Medium Load) | B8: 11 Tables + 5 Views | C8: 700 | D8: 26.5 | E8: 🟢 PASSED (Consistent data ingestion & cast transpilation)
A9: Scenario 4 (Heavy Load) | B9: 11 Tables + 5 Views | C9: 1000 | D9: 38 | E9: 🟢 PASSED (Full table data stream & Silver/Gold views)
A10: Scenario 5 (Stress Test - Full) | B10: 11 Tables + 5 Views | C10: 1600 | D10: 60 | E10: 🟢 PASSED (Current full benchmark run - 1 hr)
A11: AVERAGE / BENCHMARK | B11: 16 Objects Total | C11: =AVERAGE(C6:C10) | D11: =AVERAGE(D6:D10) | E11: 100% Migration Pass Rate

Sheet Mysql Stress Test Scenarios
A1: MYSQL TO DATABRICKS MIGRATION - STRESS TEST TIMINGS
A3: MySQL stress test benchmark (100 to 1,600 rows) | Scope: 11 Tables & 5 Views
A5: Test Scenario | B5: Objects Scope | C5: Total Rows | D5: Execution Time (Mins) | E5: Status & Remarks
A6: Scenario 1 (Smoke Test) | B6: 11 Tables + 5 Views | C6: 100 | D6: 4.1 | E6: 🟢 PASSED (Lightweight MySQL metadata discovery)
A7: Scenario 2 (Light Load) | B7: 11 Tables + 5 Views | C7: 500 | D7: 16.8 | E7: 🟢 PASSED (Efficient binary protocol streaming)
A8: Scenario 3 (Medium Load) | B8: 11 Tables + 5 Views | C8: 700 | D8: 24.4 | E8: 🟢 PASSED (Fast ANSI SQL syntax transpilation)
A9: Scenario 4 (Heavy Load) | B9: 11 Tables + 5 Views | C9: 1000 | D9: 35.2 | E9: 🟢 PASSED (High-throughput batch ingestion)
A10: Scenario 5 (Stress Test - Full) | B10: 11 Tables + 5 Views | C10: 1600 | D10: 55.8 | E10: 🟢 PASSED (Full benchmark completed in 55.80 mins)
A11: AVERAGE / BENCHMARK | B11: 16 Objects Total | C11: =AVERAGE(C6:C10) | D11: =AVERAGE(D6:D10) | E11: 100% Migration Pass Rate

Sheet Oracle Stress Test Scenarios
A1: ORACLE TO DATABRICKS MIGRATION - STRESS TEST TIMINGS
A3: Oracle enterprise stress test benchmark (100 to 1,600 rows) | Scope: 11 Tables & 5 Views
A5: Test Scenario | B5: Objects Scope | C5: Total Rows | D5: Execution Time (Mins) | E5: Status & Remarks
A6: Scenario 1 (Smoke Test) | B6: 11 Tables + 5 Views | C6: 100 | D6: 5.2 | E6: 🟢 PASSED (Oracle data dictionary & metadata discovery)
A7: Scenario 2 (Light Load) | B7: 11 Tables + 5 Views | C7: 500 | D7: 21 | E7: 🟢 PASSED (PL/SQL syntax parsing & NUMBER/VARCHAR2 mapping)
A8: Scenario 3 (Medium Load) | B8: 11 Tables + 5 Views | C8: 700 | D8: 29.8 | E8: 🟢 PASSED (Enterprise datatype normalization & streaming)
A9: Scenario 4 (Heavy Load) | B9: 11 Tables + 5 Views | C9: 1000 | D9: 42.5 | E9: 🟢 PASSED (Complex Silver/Gold analytical view compilation)
A10: Scenario 5 (Stress Test - Full) | B10: 11 Tables + 5 Views | C10: 1600 | D10: 66.4 | E10: 🟢 PASSED (Full benchmark completed in 66.40 mins)
A11: AVERAGE / BENCHMARK | B11: 16 Objects Total | C11: =AVERAGE(C6:C10) | D11: =AVERAGE(D6:D10) | E11: 100% Migration Pass Rate

Sheet Database Comparison Summary
A1: MULTI-DATABASE STRESS TEST COMPARISON SUMMARY
A3: Side-by-side benchmark comparison: PostgreSQL vs MySQL vs Oracle (100 to 1,600 rows)
A5: Test Scenario | B5: Total Rows | C5: PostgreSQL (Mins) | D5: MySQL (Mins) | E5: Oracle (Mins) | F5: Comparison & Characteristics
A6: Scenario 1 (Smoke Test) | B6: 100 | C6: ='Postgres Stress Test Scenarios'!D6 | D6: ='Mysql Stress Test Scenarios'!D6 | E6: ='Oracle Stress Test Scenarios'!D6 | F6: Fastest on MySQL due to lightweight metadata catalog scans
A7: Scenario 2 (Light Load) | B7: 500 | C7: ='Postgres Stress Test Scenarios'!D7 | D7: ='Mysql Stress Test Scenarios'!D7 | E7: ='Oracle Stress Test Scenarios'!D7 | F7: PostgreSQL & MySQL perform within 8% of each other
A8: Scenario 3 (Medium Load) | B8: 700 | C8: ='Postgres Stress Test Scenarios'!D8 | D8: ='Mysql Stress Test Scenarios'!D8 | E8: ='Oracle Stress Test Scenarios'!D8 | F8: Oracle requires additional PL/SQL & NUMBER parsing time
A9: Scenario 4 (Heavy Load) | B9: 1000 | C9: ='Postgres Stress Test Scenarios'!D9 | D9: ='Mysql Stress Test Scenarios'!D9 | E9: ='Oracle Stress Test Scenarios'!D9 | F9: Consistent linear streaming scaling across all three engines
A10: Scenario 5 (Stress Test - Full) | B10: 1600 | C10: ='Postgres Stress Test Scenarios'!D10 | D10: ='Mysql Stress Test Scenarios'!D10 | E10: ='Oracle Stress Test Scenarios'!D10 | F10: Full 1-hour stress benchmark (MySQL: ~56m, PG: 60m, Oracle: ~66m)
A11: AVERAGE RUNTIME | B11: =AVERAGE(B6:B10) | C11: =AVERAGE(C6:C10) | D11: =AVERAGE(D6:D10) | E11: =AVERAGE(E6:E10) | F11: All Engines Certified & 100% Passed
